-- phpMyAdmin SQL Dump
-- version 5.2.0
-- https://www.phpmyadmin.net/
--
-- Хост: 127.0.0.1:3306
-- Время создания: Май 12 2026 г., 11:49
-- Версия сервера: 8.0.30
-- Версия PHP: 7.2.34

SET SQL_MODE = "NO_AUTO_VALUE_ON_ZERO";
START TRANSACTION;
SET time_zone = "+00:00";


/*!40101 SET @OLD_CHARACTER_SET_CLIENT=@@CHARACTER_SET_CLIENT */;
/*!40101 SET @OLD_CHARACTER_SET_RESULTS=@@CHARACTER_SET_RESULTS */;
/*!40101 SET @OLD_COLLATION_CONNECTION=@@COLLATION_CONNECTION */;
/*!40101 SET NAMES utf8mb4 */;

--
-- База данных: `IS_KASINO`
--

DELIMITER $$
--
-- Процедуры
--
CREATE DEFINER=`root`@`%` PROCEDURE `Пересчитать_Итого` (IN `p_ID_игрока` INT)   BEGIN
    DECLARE total_bets DECIMAL(15,2);
    DECLARE total_payouts DECIMAL(15,2);
    
    SELECT COALESCE(SUM(Сумма_ставки), 0) INTO total_bets
    FROM Игровой_раунд
    WHERE ID_игрока = p_ID_игрока;
    
    SELECT COALESCE(SUM(Выплата.Сумма), 0) INTO total_payouts
    FROM Выплата
    JOIN Игровой_раунд ON Выплата.ID_раунда = Игровой_раунд.ID_раунда
    WHERE Игровой_раунд.ID_игрока = p_ID_игрока;
    
    INSERT INTO Итого (ID_игрока, Общая_сумма_ставок, Общая_сумма_выплат)
    VALUES (p_ID_игрока, total_bets, total_payouts)
    ON DUPLICATE KEY UPDATE
        Общая_сумма_ставок = total_bets,
        Общая_сумма_выплат = total_payouts;
END$$

DELIMITER ;

-- --------------------------------------------------------

--
-- Структура таблицы `Аккаунт`
--

CREATE TABLE `Аккаунт` (
  `ID_аккаунта` int NOT NULL,
  `Номер_счета` varchar(50) COLLATE utf8mb4_general_ci DEFAULT NULL,
  `Дата_рождения` date DEFAULT NULL,
  `Телефон` varchar(20) COLLATE utf8mb4_general_ci DEFAULT NULL,
  `Статус_верификации` varchar(20) COLLATE utf8mb4_general_ci DEFAULT 'не верифицирован'
) ENGINE=InnoDB DEFAULT CHARSET=utf8mb4 COLLATE=utf8mb4_general_ci;

--
-- Дамп данных таблицы `Аккаунт`
--

INSERT INTO `Аккаунт` (`ID_аккаунта`, `Номер_счета`, `Дата_рождения`, `Телефон`, `Статус_верификации`) VALUES
(101, 'ACC100001', '1995-03-15', '+79123456789', 'верифицирован'),
(102, 'ACC100002', '1988-07-22', '+79234567890', 'верифицирован'),
(103, 'ACC100003', '2002-11-10', '+79345678901', 'верифицирован'),
(104, 'ACC100004', '1999-01-05', '+79456789012', 'не верифицирован'),
(105, 'ACC100005', '1992-09-18', '+79567890123', 'верифицирован'),
(106, 'ACC100006', '1985-12-30', '+79678901234', 'верифицирован'),
(107, 'ACC100007', '2005-04-25', '+79789012345', 'не верифицирован'),
(108, 'ACC100008', '1997-06-14', '+79890123456', 'верифицирован'),
(109, 'ACC100009', '2001-08-19', '+79901234567', 'верифицирован'),
(110, 'ACC100010', '1990-02-28', '+79012345678', 'верифицирован');

-- --------------------------------------------------------

--
-- Структура таблицы `Выплата`
--

CREATE TABLE `Выплата` (
  `ID_выплаты` int NOT NULL,
  `ID_раунда` int NOT NULL,
  `Дата` date DEFAULT NULL,
  `Сумма` decimal(15,2) DEFAULT NULL,
  `Тип` varchar(50) COLLATE utf8mb4_general_ci DEFAULT NULL
) ENGINE=InnoDB DEFAULT CHARSET=utf8mb4 COLLATE=utf8mb4_general_ci;

--
-- Дамп данных таблицы `Выплата`
--

INSERT INTO `Выплата` (`ID_выплаты`, `ID_раунда`, `Дата`, `Сумма`, `Тип`) VALUES
(1, 5001, '2026-05-01', '250.00', 'обычная выплата'),
(2, 5003, '2026-05-01', '500.00', 'обычная выплата'),
(3, 5004, '2026-05-01', '25000.00', 'джекпот'),
(4, 5006, '2026-05-01', '450.00', 'бонус'),
(5, 5008, '2026-05-02', '360.00', 'обычная выплата'),
(6, 5009, '2026-05-02', '5000.00', 'бонус'),
(7, 5011, '2026-05-02', '1500.00', 'обычная выплата'),
(8, 5013, '2026-05-02', '900.00', 'обычная выплата'),
(9, 5016, '2026-05-03', '10000.00', 'бонус'),
(10, 5017, '2026-05-03', '7500.00', 'обычная выплата'),
(11, 5019, '2026-05-03', '2000.00', 'обычная выплата'),
(12, 5021, '2026-05-04', '1800.00', 'обычная выплата'),
(13, 5023, '2026-05-04', '2100.00', 'бонус'),
(14, 5025, '2026-05-04', '300.00', 'обычная выплата'),
(15, 5026, '2026-05-05', '4800.00', 'обычная выплата'),
(16, 5028, '2026-05-05', '12500.00', 'бонус'),
(17, 5030, '2026-05-05', '1050.00', 'обычная выплата'),
(18, 5032, '2026-05-06', '1200.00', 'обычная выплата'),
(19, 5033, '2026-05-06', '1800.00', 'бонус'),
(20, 5034, '2026-05-07', '50000.00', 'джекпот'),
(21, 5036, '2026-05-07', '4800.00', 'обычная выплата'),
(22, 5038, '2026-05-08', '15000.00', 'бонус'),
(23, 5040, '2026-05-08', '3600.00', 'обычная выплата'),
(24, 5041, '2026-05-09', '2400.00', 'обычная выплата'),
(25, 5043, '2026-05-09', '7500.00', 'бонус'),
(26, 5045, '2026-05-10', '600.00', 'обычная выплата'),
(27, 5047, '2026-05-10', '450.00', 'обычная выплата'),
(28, 5049, '2026-05-11', '2100.00', 'обычная выплата');

-- --------------------------------------------------------

--
-- Структура таблицы `Игра`
--

CREATE TABLE `Игра` (
  `Название` varchar(100) COLLATE utf8mb4_general_ci NOT NULL,
  `RTP` decimal(5,2) DEFAULT NULL
) ;

--
-- Дамп данных таблицы `Игра`
--

INSERT INTO `Игра` (`Название`, `RTP`) VALUES
('Big Bass Bonanza', '96.71'),
('Book of Ra', '96.00'),
('Dead or Alive 2', '96.82'),
('Fruit Party', '96.47'),
('Gonzo Quest', '96.00'),
('Mega Moolah', '88.12'),
('Money Train 2', '96.40'),
('Starburst', '96.09'),
('Sweet Bonanza', '96.51'),
('The Dog House', '96.55');

-- --------------------------------------------------------

--
-- Структура таблицы `Игрок`
--

CREATE TABLE `Игрок` (
  `ID_игрока` int NOT NULL,
  `ID_аккаунта` int DEFAULT NULL
) ENGINE=InnoDB DEFAULT CHARSET=utf8mb4 COLLATE=utf8mb4_general_ci;

--
-- Дамп данных таблицы `Игрок`
--

INSERT INTO `Игрок` (`ID_игрока`, `ID_аккаунта`) VALUES
(1001, 101),
(1002, 102),
(1003, 103),
(1004, 104),
(1005, 105),
(1006, 106),
(1007, 107),
(1008, 108),
(1009, 109),
(1010, 110);

-- --------------------------------------------------------

--
-- Структура таблицы `Игровой_раунд`
--

CREATE TABLE `Игровой_раунд` (
  `ID_раунда` int NOT NULL,
  `ID_игрока` int NOT NULL,
  `Название_игры` varchar(100) COLLATE utf8mb4_general_ci NOT NULL,
  `Сумма_ставки` decimal(15,2) DEFAULT NULL,
  `Дата_раунда` datetime DEFAULT CURRENT_TIMESTAMP,
  `Результат` varchar(20) COLLATE utf8mb4_general_ci DEFAULT NULL
) ;

--
-- Дамп данных таблицы `Игровой_раунд`
--

INSERT INTO `Игровой_раунд` (`ID_раунда`, `ID_игрока`, `Название_игры`, `Сумма_ставки`, `Дата_раунда`, `Результат`) VALUES
(5001, 1001, 'Book of Ra', '100.00', '2026-05-01 10:30:00', 'win'),
(5002, 1001, 'Starburst', '50.00', '2026-05-01 10:35:00', 'loss'),
(5003, 1002, 'Gonzo Quest', '200.00', '2026-05-01 11:00:00', 'win'),
(5004, 1002, 'Mega Moolah', '500.00', '2026-05-01 11:15:00', 'jackpot'),
(5005, 1003, 'Dead or Alive 2', '300.00', '2026-05-01 12:00:00', 'loss'),
(5006, 1003, 'Sweet Bonanza', '150.00', '2026-05-01 12:20:00', 'win'),
(5007, 1004, 'Big Bass Bonanza', '80.00', '2026-05-01 13:00:00', 'loss'),
(5008, 1004, 'The Dog House', '120.00', '2026-05-02 14:30:00', 'win'),
(5009, 1005, 'Money Train 2', '1000.00', '2026-05-02 15:00:00', 'win'),
(5010, 1005, 'Fruit Party', '75.00', '2026-05-02 15:10:00', 'loss'),
(5011, 1005, 'Starburst', '500.00', '2026-05-02 15:20:00', 'win'),
(5012, 1006, 'Book of Ra', '250.00', '2026-05-02 16:00:00', 'loss'),
(5013, 1006, 'Gonzo Quest', '300.00', '2026-05-02 16:30:00', 'win'),
(5014, 1007, 'Sweet Bonanza', '50.00', '2026-05-03 10:00:00', 'loss'),
(5015, 1007, 'Mega Moolah', '100.00', '2026-05-03 10:20:00', 'loss'),
(5016, 1008, 'Dead or Alive 2', '2000.00', '2026-05-03 11:00:00', 'win'),
(5017, 1008, 'The Dog House', '1500.00', '2026-05-03 11:30:00', 'win'),
(5018, 1009, 'Fruit Party', '300.00', '2026-05-03 12:00:00', 'loss'),
(5019, 1009, 'Big Bass Bonanza', '400.00', '2026-05-03 12:45:00', 'win'),
(5020, 1010, 'Money Train 2', '800.00', '2026-05-04 09:00:00', 'loss'),
(5021, 1010, 'Starburst', '600.00', '2026-05-04 09:30:00', 'win'),
(5022, 1001, 'Gonzo Quest', '450.00', '2026-05-04 10:00:00', 'loss'),
(5023, 1002, 'Sweet Bonanza', '700.00', '2026-05-04 11:00:00', 'win'),
(5024, 1003, 'Mega Moolah', '1500.00', '2026-05-04 12:00:00', 'loss'),
(5025, 1004, 'Dead or Alive 2', '100.00', '2026-05-04 13:00:00', 'win'),
(5026, 1006, 'Book of Ra', '1200.00', '2026-05-05 10:00:00', 'win'),
(5027, 1006, 'Fruit Party', '800.00', '2026-05-05 10:30:00', 'loss'),
(5028, 1008, 'Gonzo Quest', '2500.00', '2026-05-05 11:00:00', 'win'),
(5029, 1009, 'Starburst', '100.00', '2026-05-05 12:00:00', 'loss'),
(5030, 1010, 'Big Bass Bonanza', '350.00', '2026-05-05 13:00:00', 'win'),
(5031, 1001, 'Money Train 2', '200.00', '2026-05-06 14:00:00', 'loss'),
(5032, 1002, 'The Dog House', '400.00', '2026-05-06 15:00:00', 'win'),
(5033, 1003, 'Sweet Bonanza', '600.00', '2026-05-06 16:00:00', 'win'),
(5034, 1005, 'Mega Moolah', '2000.00', '2026-05-07 10:00:00', 'jackpot'),
(5035, 1007, 'Dead or Alive 2', '150.00', '2026-05-07 11:00:00', 'loss'),
(5036, 1009, 'Book of Ra', '1200.00', '2026-05-07 12:00:00', 'win'),
(5037, 1004, 'Fruit Party', '90.00', '2026-05-07 13:00:00', 'loss'),
(5038, 1008, 'Gonzo Quest', '3000.00', '2026-05-08 09:00:00', 'win'),
(5039, 1006, 'Starburst', '500.00', '2026-05-08 10:00:00', 'loss'),
(5040, 1010, 'Dead or Alive 2', '1200.00', '2026-05-08 11:00:00', 'win'),
(5041, 1002, 'Big Bass Bonanza', '800.00', '2026-05-09 12:00:00', 'win'),
(5042, 1003, 'Money Train 2', '900.00', '2026-05-09 13:00:00', 'loss'),
(5043, 1005, 'Sweet Bonanza', '2500.00', '2026-05-09 14:00:00', 'win'),
(5044, 1001, 'The Dog House', '300.00', '2026-05-10 10:00:00', 'loss'),
(5045, 1007, 'Gonzo Quest', '200.00', '2026-05-10 11:00:00', 'win'),
(5046, 1009, 'Mega Moolah', '1000.00', '2026-05-10 12:00:00', 'loss'),
(5047, 1004, 'Starburst', '150.00', '2026-05-10 13:00:00', 'win'),
(5048, 1008, 'Book of Ra', '4000.00', '2026-05-11 09:00:00', 'loss'),
(5049, 1006, 'Fruit Party', '700.00', '2026-05-11 10:00:00', 'win'),
(5050, 1010, 'Gonzo Quest', '500.00', '2026-05-11 11:00:00', 'loss');

-- --------------------------------------------------------

--
-- Структура таблицы `Итого`
--

CREATE TABLE `Итого` (
  `ID_итого` int NOT NULL,
  `ID_игрока` int NOT NULL,
  `Общая_сумма_ставок` decimal(15,2) DEFAULT '0.00',
  `Общая_сумма_выплат` decimal(15,2) DEFAULT '0.00'
) ENGINE=InnoDB DEFAULT CHARSET=utf8mb4 COLLATE=utf8mb4_general_ci;

--
-- Дамп данных таблицы `Итого`
--

INSERT INTO `Итого` (`ID_итого`, `ID_игрока`, `Общая_сумма_ставок`, `Общая_сумма_выплат`) VALUES
(1, 1001, '1100.00', '250.00'),
(2, 1002, '2600.00', '31200.00'),
(3, 1003, '3450.00', '2250.00'),
(4, 1004, '540.00', '1110.00'),
(5, 1005, '6075.00', '64000.00'),
(6, 1006, '3750.00', '7800.00'),
(7, 1007, '500.00', '600.00'),
(8, 1008, '13000.00', '45000.00'),
(9, 1009, '3000.00', '6800.00'),
(10, 1010, '3450.00', '6450.00');

-- --------------------------------------------------------

--
-- Структура таблицы `Сотрудник_СБ`
--

CREATE TABLE `Сотрудник_СБ` (
  `ID_сотрудника` int NOT NULL,
  `ФИО` varchar(255) COLLATE utf8mb4_general_ci NOT NULL,
  `Должность` varchar(100) COLLATE utf8mb4_general_ci DEFAULT NULL
) ENGINE=InnoDB DEFAULT CHARSET=utf8mb4 COLLATE=utf8mb4_general_ci;

--
-- Дамп данных таблицы `Сотрудник_СБ`
--

INSERT INTO `Сотрудник_СБ` (`ID_сотрудника`, `ФИО`, `Должность`) VALUES
(1, 'Петров Иван Алексеевич', 'Старший инспектор СБ'),
(2, 'Сидорова Мария Петровна', 'Аналитик СБ'),
(3, 'Козлов Дмитрий Сергеевич', 'Инспектор СБ'),
(4, 'Морозова Анна Владимировна', 'Руководитель отдела СБ'),
(5, 'Волков Андрей Николаевич', 'Инспектор СБ');

--
-- Индексы сохранённых таблиц
--

--
-- Индексы таблицы `Аккаунт`
--
ALTER TABLE `Аккаунт`
  ADD PRIMARY KEY (`ID_аккаунта`),
  ADD UNIQUE KEY `Номер_счета` (`Номер_счета`);

--
-- Индексы таблицы `Выплата`
--
ALTER TABLE `Выплата`
  ADD PRIMARY KEY (`ID_выплаты`),
  ADD KEY `ID_раунда` (`ID_раунда`);

--
-- Индексы таблицы `Игра`
--
ALTER TABLE `Игра`
  ADD PRIMARY KEY (`Название`);

--
-- Индексы таблицы `Игрок`
--
ALTER TABLE `Игрок`
  ADD PRIMARY KEY (`ID_игрока`),
  ADD UNIQUE KEY `ID_аккаунта` (`ID_аккаунта`);

--
-- Индексы таблицы `Игровой_раунд`
--
ALTER TABLE `Игровой_раунд`
  ADD PRIMARY KEY (`ID_раунда`),
  ADD KEY `ID_игрока` (`ID_игрока`),
  ADD KEY `Название_игры` (`Название_игры`);

--
-- Индексы таблицы `Итого`
--
ALTER TABLE `Итого`
  ADD PRIMARY KEY (`ID_итого`),
  ADD KEY `ID_игрока` (`ID_игрока`);

--
-- Индексы таблицы `Сотрудник_СБ`
--
ALTER TABLE `Сотрудник_СБ`
  ADD PRIMARY KEY (`ID_сотрудника`);

--
-- AUTO_INCREMENT для сохранённых таблиц
--

--
-- AUTO_INCREMENT для таблицы `Выплата`
--
ALTER TABLE `Выплата`
  MODIFY `ID_выплаты` int NOT NULL AUTO_INCREMENT, AUTO_INCREMENT=29;

--
-- AUTO_INCREMENT для таблицы `Итого`
--
ALTER TABLE `Итого`
  MODIFY `ID_итого` int NOT NULL AUTO_INCREMENT, AUTO_INCREMENT=16;

--
-- Ограничения внешнего ключа сохраненных таблиц
--

--
-- Ограничения внешнего ключа таблицы `Выплата`
--
ALTER TABLE `Выплата`
  ADD CONSTRAINT `выплата_ibfk_1` FOREIGN KEY (`ID_раунда`) REFERENCES `Игровой_раунд` (`ID_раунда`);

--
-- Ограничения внешнего ключа таблицы `Игрок`
--
ALTER TABLE `Игрок`
  ADD CONSTRAINT `игрок_ibfk_1` FOREIGN KEY (`ID_аккаунта`) REFERENCES `Аккаунт` (`ID_аккаунта`);

--
-- Ограничения внешнего ключа таблицы `Игровой_раунд`
--
ALTER TABLE `Игровой_раунд`
  ADD CONSTRAINT `игровой_раунд_ibfk_1` FOREIGN KEY (`ID_игрока`) REFERENCES `Игрок` (`ID_игрока`),
  ADD CONSTRAINT `игровой_раунд_ibfk_2` FOREIGN KEY (`Название_игры`) REFERENCES `Игра` (`Название`);

--
-- Ограничения внешнего ключа таблицы `Итого`
--
ALTER TABLE `Итого`
  ADD CONSTRAINT `итого_ibfk_1` FOREIGN KEY (`ID_игрока`) REFERENCES `Игрок` (`ID_игрока`);
COMMIT;

/*!40101 SET CHARACTER_SET_CLIENT=@OLD_CHARACTER_SET_CLIENT */;
/*!40101 SET CHARACTER_SET_RESULTS=@OLD_CHARACTER_SET_RESULTS */;
/*!40101 SET COLLATION_CONNECTION=@OLD_COLLATION_CONNECTION */;
